{"name":"b019c96d-8ab6-4d8a-8f1a-23eb93c110c5","id":"/providers/Microsoft.Flow/flows/b019c96d-8ab6-4d8a-8f1a-23eb93c110c5","type":"Microsoft.Flow/flows","properties":{"apiId":"/providers/Microsoft.PowerApps/apis/shared_logicflows","displayName":"AutomateDevOps","definition":{"metadata":{"workflowEntityId":null,"processAdvisorMetadata":null,"flowclientsuspensionreason":"None","flowclientsuspensiontime":null,"creator":{"id":"b6af58d5-8370-4a64-9520-1723176bfc9e","type":"User","tenantId":"e0793d39-0939-496d-b129-198edd916feb"},"provisioningMethod":"FromDefinition","failureAlertSubscription":true,"clientLastModifiedTime":"2022-02-21T05:15:12.4818643Z"},"$schema":"https://schema.management.azure.com/providers/Microsoft.Logic/schemas/2016-06-01/workflowdefinition.json#","contentVersion":"1.0.0.0","parameters":{"$connections":{"defaultValue":{},"type":"Object"},"$authentication":{"defaultValue":{},"type":"SecureObject"}},"triggers":{"When_a_work_item_is_created":{"recurrence":{"frequency":"Minute","interval":5},"splitOn":"@triggerOutputs()?['body/value']","metadata":{"operationMetadataId":"760fe0a4-ee96-49d1-867e-7cc5fc231ead"},"type":"OpenApiConnection","inputs":{"host":{"apiId":"/providers/Microsoft.PowerApps/apis/shared_visualstudioteamservices","connectionName":"shared_visualstudioteamservices","operationId":"OnWorkItemCreatedV2"},"parameters":{"account":"agnihotri","project":"CallRecording_iOS","team":"CallRecording_iOS Team","wiql__System_AssignedTo":"amit.a.agnihotri@accenture.com","wiql__System_WorkItemType":"Issue","areaPathComparison":"Equals","iterationPathComparison":"Equals"},"authentication":"@parameters('$authentication')"}}},"actions":{"Condition":{"actions":{"Create_a_work_item":{"runAfter":{},"metadata":{"operationMetadataId":"8658a28c-5d2a-45f9-b6be-ab37461d6814"},"type":"OpenApiConnection","inputs":{"host":{"apiId":"/providers/Microsoft.PowerApps/apis/shared_visualstudioteamservices","connectionName":"shared_visualstudioteamservices","operationId":"CreateWorkItem"},"parameters":{"account":"agnihotri","project":"CallRecording_iOS","type":"Task","workItem/title":"Sev 1 Issue","workItem/description":"Issue Assigned for testing","workItem/priority":1,"workItem/iteration":"@triggerOutputs()?['body/fields/System_IterationPath']","workItem/area":"@triggerOutputs()?['body/fields/System_AreaPath']","workItem/linkUrl":"@triggerOutputs()?['body/url']","workItem/dynamicFields/System.AssignedTo":"amit.a.agnihotri@accenture.com","workItem/dynamicFields/System.Tags":"Sev 1"},"authentication":"@parameters('$authentication')"}}},"runAfter":{},"else":{"actions":{"Terminate":{"runAfter":{},"metadata":{"operationMetadataId":"4e731c7d-2ec3-4c1a-9dc3-93a3fc4f7511"},"type":"Terminate","inputs":{"runStatus":"Cancelled"}}}},"expression":{"equals":["@triggerOutputs()?['body/fields/System_Reason']","@'Completed'"]},"metadata":{"operationMetadataId":"aca59191-e792-48c0-b9c7-ea27b0b5aab4"},"type":"If"}}},"connectionReferences":{"shared_visualstudioteamservices":{"connectionName":"shared-visualstudiot-92ee6183-e0cd-4804-8983-43bbb0c737e9","source":"Embedded","id":"/providers/Microsoft.PowerApps/apis/shared_visualstudioteamservices","tier":"NotSpecified"}},"flowFailureAlertSubscribed":false}}