{"name":"655e5a26-570c-4fba-84e2-e6dcbdbb85a5","id":"/providers/Microsoft.Flow/flows/655e5a26-570c-4fba-84e2-e6dcbdbb85a5","type":"Microsoft.Flow/flows","properties":{"apiId":"/providers/Microsoft.PowerApps/apis/shared_logicflows","displayName":"SentimentAnalysis","definition":{"metadata":{"workflowEntityId":null,"processAdvisorMetadata":null,"flowclientsuspensionreason":"None","flowclientsuspensiontime":null,"creator":{"id":"94ad7129-6665-4916-b1b2-7d81247b0df3","type":"User","tenantId":"ff9c7474-421d-4957-8d47-c4b64dec87b5"},"provisioningMethod":"FromDefinition","failureAlertSubscription":true,"clientLastModifiedTime":"2022-02-18T09:29:22.8686102Z"},"$schema":"https://schema.management.azure.com/providers/Microsoft.Logic/schemas/2016-06-01/workflowdefinition.json#","contentVersion":"1.0.0.0","parameters":{"$connections":{"defaultValue":{},"type":"Object"},"$authentication":{"defaultValue":{},"type":"SecureObject"}},"triggers":{"manual":{"metadata":{"operationMetadataId":"a082dfe6-05a4-47e3-abe2-ae846c117e87"},"type":"Request","kind":"Button","inputs":{"schema":{"type":"object","properties":{"text":{"title":"InputText","type":"string","x-ms-dynamically-added":true,"description":"Enter input here","x-ms-content-hint":"TEXT"}},"required":["text"]}}}},"actions":{"Analyze_positive_or_negative_sentiment_in_text":{"runAfter":{},"metadata":{"operationMetadataId":"bd4f077f-5e01-4e5f-b9bc-1f290e9fcbcc","flowSystemMetadata":{"portalOperationId":"aibuilderpredict_sentimentanalysis","portalOperationGroup":"aibuilder","portalOperationApiDisplayNameOverride":"AI Builder","portalOperationIconOverride":"https://psuxemea.azureedge.net/Content/Images/DesignerOperations/aiBuilder.png","portalOperationBrandColorOverride":"#742775","portalOperationApiTierOverride":"Standard"}},"type":"OpenApiConnection","inputs":{"host":{"apiId":"/providers/Microsoft.PowerApps/apis/shared_commondataserviceforapps","connectionName":"shared_commondataserviceforapps","operationId":"aibuilderpredict_sentimentanalysis"},"parameters":{"item/requestv2/language":"en","item/requestv2/text":"@triggerBody()['text']","recordId":"f1c549c2-a97e-47a5-b612-c5c2bab0f163"},"authentication":"@parameters('$authentication')"}},"Apply_to_each":{"foreach":"@outputs('Analyze_positive_or_negative_sentiment_in_text')?['body/responsev2/predictionOutput/result/sentences']","actions":{"Compose":{"runAfter":{},"metadata":{"operationMetadataId":"726ba78c-8f4b-4739-889b-47740f24f7e4"},"type":"Compose","inputs":"@items('Apply_to_each')"}},"runAfter":{"Analyze_positive_or_negative_sentiment_in_text":["Succeeded"]},"metadata":{"operationMetadataId":"7c006a48-2082-4de8-8c3c-f19299f96d1a"},"type":"Foreach"}}},"connectionReferences":{"shared_commondataserviceforapps":{"connectionName":"shared-commondataser-11883755-a3b2-40ef-89d1-22fb2826dbb7","source":"Embedded","id":"/providers/Microsoft.PowerApps/apis/shared_commondataserviceforapps","tier":"NotSpecified"}},"flowFailureAlertSubscribed":false}}